,DA,DB,log_distance,gradient
0,0.0,0.10000000149011612,9.849642073172355,
1,0.0,0.20000000298023224,9.070313599614783,
2,0.0,0.30000001192092896,7.698088985152417,
3,0.0,0.4000000059604645,7.063015241486289,
4,0.0,0.5,8.036430957877348,
5,0.0,0.6000000238418579,9.293515068885416,
6,0.0,0.699999988079071,9.893981576067926,
7,0.0,0.800000011920929,10.520636739799224,
8,0.0,0.8999999761581421,10.914569437498088,
9,0.0,1.0,11.252536482722672,
10,0.010101010091602802,0.10000000149011612,9.810354922024516,-7826.6103515625
11,0.010101010091602802,0.20000000298023224,8.932745275331651,-5314.64794921875
12,0.010101010091602802,0.30000001192092896,7.7799287981412775,-13611.69921875
13,0.010101010091602802,0.4000000059604645,7.098819028786056,-5393.7919921875
14,0.010101010091602802,0.5,7.823424137845848,-4957.98046875
15,0.010101010091602802,0.6000000238418579,9.161939887731041,-13168.125
16,0.010101010091602802,0.699999988079071,9.9424317851645,-8926.0703125
17,0.010101010091602802,0.800000011920929,10.5036413303806,-5486.43408203125
18,0.010101010091602802,0.8999999761581421,10.857089724137413,-9722.6845703125
19,0.010101010091602802,1.0,11.254317651821678,-8032.74609375
20,0.020202020183205605,0.10000000149011612,9.74719643255871,-9879.7216796875
21,0.020202020183205605,0.20000000298023224,8.96446424730384,-6867.3876953125
22,0.020202020183205605,0.30000001192092896,7.775510833706157,-8261.9541015625
23,0.020202020183205605,0.4000000059604645,6.656753746428967,-7016.466796875
24,0.020202020183205605,0.5,7.864476647556065,-7533.1318359375
25,0.020202020183205605,0.6000000238418579,9.142051598257336,-5453.1650390625
26,0.020202020183205605,0.699999988079071,9.87569031111612,-8781.27734375
27,0.020202020183205605,0.800000011920929,10.502440912352904,-7884.1123046875
28,0.020202020183205605,0.8999999761581421,10.886396891644546,-8052.95703125
29,0.020202020183205605,1.0,11.249332571046581,-7194.6455078125
30,0.03030303120613098,0.10000000149011612,9.83280729280826,-5197.845703125
31,0.03030303120613098,0.20000000298023224,8.98234191500773,-6538.46484375
32,0.03030303120613098,0.30000001192092896,8.090028870544213,-5409.0927734375
33,0.03030303120613098,0.4000000059604645,6.365635007870682,-6140.5771484375
34,0.03030303120613098,0.5,7.91892623318533,-6886.28955078125
35,0.03030303120613098,0.6000000238418579,9.273201186501899,-6184.9189453125
36,0.03030303120613098,0.699999988079071,9.844784472047971,-6807.13427734375
37,0.03030303120613098,0.800000011920929,10.385308773477814,-6792.31640625
38,0.03030303120613098,0.8999999761581421,10.909301867748718,-7124.40771484375
39,0.03030303120613098,1.0,11.24723143642374,-5903.48583984375
40,0.04040404036641121,0.10000000149011612,9.757262090770132,-5446.98681640625
41,0.04040404036641121,0.20000000298023224,9.024326773601784,-5521.29150390625
42,0.04040404036641121,0.30000001192092896,7.6975679217081066,-5480.02880859375
43,0.04040404036641121,0.4000000059604645,6.1439784074685875,-5262.3720703125
44,0.04040404036641121,0.5,7.5190600070783375,-5391.2138671875
45,0.04040404036641121,0.6000000238418579,8.96957033703027,-4348.271484375
46,0.04040404036641121,0.699999988079071,9.935160320233678,-4983.6484375
47,0.04040404036641121,0.800000011920929,10.480613645274115,-4607.63427734375
48,0.04040404036641121,0.8999999761581421,10.932135585688155,-4996.9501953125
49,0.04040404036641121,1.0,11.243189620483573,-5301.5517578125
50,0.05050504952669144,0.10000000149011612,9.67371127443279,-3919.657958984375
51,0.05050504952669144,0.20000000298023224,8.600025004714109,-3477.736328125
52,0.05050504952669144,0.30000001192092896,7.525770131033478,-4318.52099609375
53,0.05050504952669144,0.4000000059604645,5.512659850668939,-3193.085205078125
54,0.05050504952669144,0.5,7.7226696269877335,-3751.916748046875
55,0.05050504952669144,0.6000000238418579,9.329161497103419,-4227.3115234375
56,0.05050504952669144,0.699999988079071,9.822337444812058,-3598.684814453125
57,0.05050504952669144,0.800000011920929,10.504570198451235,-4286.40625
58,0.05050504952669144,0.8999999761581421,10.907089154307851,-3950.552001953125
59,0.05050504952669144,1.0,11.242424531158283,-3730.0224609375
60,0.06060606241226196,0.10000000149011612,9.79986575879989,-2935.851806640625
61,0.06060606241226196,0.20000000298023224,8.892435855246186,-2325.1337890625
62,0.06060606241226196,0.30000001192092896,6.8145566317507456,-2771.078125
63,0.06060606241226196,0.4000000059604645,5.487499970901687,-2775.63134765625
64,0.06060606241226196,0.5,7.896444249368611,-2741.505859375
65,0.06060606241226196,0.6000000238418579,8.957033684235977,-2805.65576171875
66,0.06060606241226196,0.699999988079071,10.05827647730246,-2270.56640625
67,0.06060606241226196,0.800000011920929,10.447698575262653,-3168.5341796875
68,0.06060606241226196,0.8999999761581421,10.901437401336366,-1375.9532470703125
69,0.06060606241226196,1.0,11.242821529495757,-2261.44873046875
70,0.07070706784725189,0.10000000149011612,9.718087982265223,5.824967861175537
71,0.07070706784725189,0.20000000298023224,8.93813434463876,-956.7454833984375
72,0.07070706784725189,0.30000001192092896,6.3403535984852315,-1272.652587890625
73,0.07070706784725189,0.4000000059604645,2.593590770135151,-992.3728637695312
74,0.07070706784725189,0.5,7.88508102639088,-1546.863037109375
75,0.07070706784725189,0.6000000238418579,9.254027788500837,-1190.848876953125
76,0.07070706784725189,0.699999988079071,9.93044560394086,-1759.446044921875
77,0.07070706784725189,0.800000011920929,10.449553132695735,-1337.1495361328125
78,0.07070706784725189,0.8999999761581421,10.819777425034914,-1173.6624755859375
79,0.07070706784725189,1.0,11.234096587084178,-1828.1796875
80,0.08080808073282242,0.10000000149011612,9.57478232058351,-381.310546875
81,0.08080808073282242,0.20000000298023224,8.624222255678546,569.8316040039062
82,0.08080808073282242,0.30000001192092896,7.36337092265785,-932.1728515625
83,0.08080808073282242,0.4000000059604645,4.822610370191231,-1106.4271240234375
84,0.08080808073282242,0.5,7.552567623823822,-243.447021484375
85,0.08080808073282242,0.6000000238418579,9.12017886808811,-570.5806884765625
86,0.08080808073282242,0.699999988079071,9.848138862749233,2709.076171875
87,0.08080808073282242,0.800000011920929,10.456550893214345,-905.772216796875
88,0.08080808073282242,0.8999999761581421,10.9068332476896,1156.75146484375
89,0.08080808073282242,1.0,11.241766341990465,-1428.58935546875
90,0.09090909361839294,0.10000000149011612,9.58252159860253,-96.97300720214844
91,0.09090909361839294,0.20000000298023224,8.753081278777506,710.3017578125
92,0.09090909361839294,0.30000001192092896,6.603712476253389,608.2227172851562
93,0.09090909361839294,0.4000000059604645,2.5334647565592463,397.55450439453125
94,0.09090909361839294,0.5,7.750531282170016,1807.36767578125
95,0.09090909361839294,0.6000000238418579,9.112991083351838,518.9824829101562
96,0.09090909361839294,0.699999988079071,9.87583197804616,280.1197509765625
97,0.09090909361839294,0.800000011920929,10.470409066227987,1212.47021484375
98,0.09090909361839294,0.8999999761581421,10.902165980831889,2041.87939453125
99,0.09090909361839294,1.0,11.237308132471973,-389.3609619140625
100,0.10101009905338287,0.10000000149011612,9.722127252336982,257.28765869140625
101,0.10101009905338287,0.20000000298023224,9.005776441467406,3572.642578125
102,0.10101009905338287,0.30000001192092896,6.955362405468724,2380.538818359375
103,0.10101009905338287,0.4000000059604645,4.626470941353185,2999.11328125
104,0.10101009905338287,0.5,7.890363679572954,4063.6611328125
105,0.10101009905338287,0.6000000238418579,9.107143312968523,2385.885009765625
106,0.10101009905338287,0.699999988079071,9.816370523658716,6325.8056640625
107,0.10101009905338287,0.800000011920929,10.477902003459024,4205.78955078125
108,0.10101009905338287,0.8999999761581421,10.855402016344373,2917.648193359375
109,0.10101009905338287,1.0,11.245425543374685,4692.77294921875
110,0.1111111119389534,0.10000000149011612,9.704686657386512,1796.4658203125
111,0.1111111119389534,0.20000000298023224,9.193497467797037,5659.8017578125
112,0.1111111119389534,0.30000001192092896,7.207478758598296,6355.0107421875
113,0.1111111119389534,0.4000000059604645,5.275590194108436,3548.0673828125
114,0.1111111119389534,0.5,7.900616802967443,272.5156555175781
115,0.1111111119389534,0.6000000238418579,9.231999520121791,2601.129150390625
116,0.1111111119389534,0.699999988079071,9.817373677500647,3385.635986328125
117,0.1111111119389534,0.800000011920929,10.404986536850528,4088.607177734375
118,0.1111111119389534,0.8999999761581421,10.888414769482473,4103.39697265625
119,0.1111111119389534,1.0,11.246368572144194,7532.95654296875
120,0.12121212482452393,0.10000000149011612,9.805131420165296,2696.978515625
121,0.12121212482452393,0.20000000298023224,8.871752813701319,6359.279296875
122,0.12121212482452393,0.30000001192092896,7.227280435209517,5147.8818359375
123,0.12121212482452393,0.4000000059604645,3.474924056635322,1196.168212890625
124,0.12121212482452393,0.5,8.257827050152757,4998.37841796875
125,0.12121212482452393,0.6000000238418579,8.968467089286762,4390.55126953125
126,0.12121212482452393,0.699999988079071,9.98359477134993,3000.567138671875
127,0.12121212482452393,0.800000011920929,10.522521352273879,5333.6328125
128,0.12121212482452393,0.8999999761581421,10.884240752851234,5826.7451171875
129,0.12121212482452393,1.0,11.244271005516328,3866.56103515625
130,0.13131313025951385,0.10000000149011612,9.7747403447485,10476.23046875
131,0.13131313025951385,0.20000000298023224,8.822099388730942,3429.843017578125
132,0.13131313025951385,0.30000001192092896,7.527062348896081,6157.58447265625
133,0.13131313025951385,0.4000000059604645,6.284404569462556,6814.71826171875
134,0.13131313025951385,0.5,7.762129673787149,5722.62890625
135,0.13131313025951385,0.6000000238418579,8.95045571628319,4626.7998046875
136,0.13131313025951385,0.699999988079071,9.94266488283733,6021.36279296875
137,0.13131313025951385,0.800000011920929,10.43429581956357,3305.215087890625
138,0.13131313025951385,0.8999999761581421,10.904983460888905,4919.318359375
139,0.13131313025951385,1.0,11.246724960911104,5844.4365234375
140,0.14141413569450378,0.10000000149011612,9.61280952533622,5811.498046875
141,0.14141413569450378,0.20000000298023224,8.891515600350944,8397.02734375
142,0.14141413569450378,0.30000001192092896,7.9701172367175035,8384.767578125
143,0.14141413569450378,0.4000000059604645,6.594184823138617,7352.95166015625
144,0.14141413569450378,0.5,7.969023776871466,5641.73046875
145,0.14141413569450378,0.6000000238418579,9.135396338280968,9407.3359375
146,0.14141413569450378,0.699999988079071,9.783181928648071,6045.826171875
147,0.14141413569450378,0.800000011920929,10.435683163801722,5855.5693359375
148,0.14141413569450378,0.8999999761581421,10.936674816127027,8911.98046875
149,0.14141413569450378,1.0,11.24367743667298,7490.4892578125
150,0.1515151560306549,0.10000000149011612,9.843037537057151,6503.5693359375
151,0.1515151560306549,0.20000000298023224,9.18227209019285,5918.845703125
152,0.1515151560306549,0.30000001192092896,7.76328492953437,5641.08203125
153,0.1515151560306549,0.4000000059604645,6.361625100159069,5941.8642578125
154,0.1515151560306549,0.5,7.637935252848422,4273.6826171875
155,0.1515151560306549,0.6000000238418579,9.41891217543349,5498.9619140625
156,0.1515151560306549,0.699999988079071,10.090167598603456,8395.484375
157,0.1515151560306549,0.800000011920929,10.476278443169893,11169.20703125
158,0.1515151560306549,0.8999999761581421,10.900905980194365,6600.484375
159,0.1515151560306549,1.0,11.245160698696269,6774.69140625
160,0.16161616146564484,0.10000000149011612,9.824272057966013,11782.7421875
161,0.16161616146564484,0.20000000298023224,8.954890759388222,9366.865234375
162,0.16161616146564484,0.30000001192092896,7.842954109044551,10068.74609375
163,0.16161616146564484,0.4000000059604645,6.665468710966875,7381.310546875
164,0.16161616146564484,0.5,8.11757302883165,6222.43359375
165,0.16161616146564484,0.6000000238418579,9.319627348674342,7381.4833984375
166,0.16161616146564484,0.699999988079071,10.01736514199469,8221.662109375
167,0.16161616146564484,0.800000011920929,10.452063946938775,5793.3232421875
168,0.16161616146564484,0.8999999761581421,10.967220306070665,10075.4609375
169,0.16161616146564484,1.0,11.258951744976807,11416.9736328125
170,0.17171716690063477,0.10000000149011612,9.826730205496698,9579.0322265625
171,0.17171716690063477,0.20000000298023224,8.793197331707427,8873.06640625
172,0.17171716690063477,0.30000001192092896,7.874127101094617,11779.3759765625
173,0.17171716690063477,0.4000000059604645,7.41058914141442,10990.0322265625
174,0.17171716690063477,0.5,8.269302832927922,6491.9091796875
175,0.17171716690063477,0.6000000238418579,9.220700774988268,10623.416015625
176,0.17171716690063477,0.699999988079071,9.935597803524654,12082.1259765625
177,0.17171716690063477,0.800000011920929,10.50413506299735,9209.5224609375
178,0.17171716690063477,0.8999999761581421,10.907093020329857,14811.736328125
179,0.17171716690063477,1.0,11.25515073838054,9237.37890625
180,0.1818181872367859,0.10000000149011612,9.891743963388807,8710.3427734375
181,0.1818181872367859,0.20000000298023224,9.013557724569223,10724.095703125
182,0.1818181872367859,0.30000001192092896,8.418211808327907,12193.84375
183,0.1818181872367859,0.4000000059604645,7.696511334079284,13908.830078125
184,0.1818181872367859,0.5,8.433741416122922,13788.9619140625
185,0.1818181872367859,0.6000000238418579,9.241579913592878,10302.724609375
186,0.1818181872367859,0.699999988079071,9.924425602704062,14496.162109375
187,0.1818181872367859,0.800000011920929,10.490168028579944,10162.185546875
188,0.1818181872367859,0.8999999761581421,10.91991642153189,12963.7958984375
189,0.1818181872367859,1.0,11.253988453568242,8803.44140625
190,0.19191919267177582,0.10000000149011612,9.767097837726626,11896.14453125
191,0.19191919267177582,0.20000000298023224,9.244342224611138,14299.0908203125
192,0.19191919267177582,0.30000001192092896,8.418742342682856,15865.9296875
193,0.19191919267177582,0.4000000059604645,7.40386906198285,10476.10546875
194,0.19191919267177582,0.5,8.367677359536577,13419.634765625
195,0.19191919267177582,0.6000000238418579,9.15651674082709,12023.044921875
196,0.19191919267177582,0.699999988079071,10.150629801957246,13005.580078125
197,0.19191919267177582,0.800000011920929,10.468870384417126,9392.1689453125
198,0.19191919267177582,0.8999999761581421,10.930474392010032,14353.126953125
199,0.19191919267177582,1.0,11.268078359649206,14200.28125
200,0.20202019810676575,0.10000000149011612,9.856065763238057,15176.1689453125
201,0.20202019810676575,0.20000000298023224,8.998438449817577,13426.44140625
202,0.20202019810676575,0.30000001192092896,7.8639873364514825,10596.23828125
203,0.20202019810676575,0.4000000059604645,7.701076501793858,12230.09375
204,0.20202019810676575,0.5,8.860847305301128,13417.1796875
205,0.20202019810676575,0.6000000238418579,9.286975929737464,13565.4306640625
206,0.20202019810676575,0.699999988079071,10.083092042538691,15242.0
207,0.20202019810676575,0.800000011920929,10.505963328300522,12460.349609375
208,0.20202019810676575,0.8999999761581421,10.900007993828673,14403.0185546875
209,0.20202019810676575,1.0,11.27216454927639,12903.0546875
210,0.21212121844291687,0.10000000149011612,9.879435969793777,12265.1943359375
211,0.21212121844291687,0.20000000298023224,8.965709682111312,13402.685546875
212,0.21212121844291687,0.30000001192092896,8.369749510319771,15111.91015625
213,0.21212121844291687,0.4000000059604645,8.105874657261571,16362.3720703125
214,0.21212121844291687,0.5,8.664409616919615,16375.509765625
215,0.21212121844291687,0.6000000238418579,9.277729288544075,12557.978515625
216,0.21212121844291687,0.699999988079071,10.094519113746834,10609.1015625
217,0.21212121844291687,0.800000011920929,10.557987597603171,13880.724609375
218,0.21212121844291687,0.8999999761581421,10.882911301688328,16968.294921875
219,0.21212121844291687,1.0,11.27374135130163,14365.44921875
220,0.2222222238779068,0.10000000149011612,9.86802177297512,15246.9736328125
221,0.2222222238779068,0.20000000298023224,9.106681099355663,14177.05859375
222,0.2222222238779068,0.30000001192092896,8.39061491351635,16233.205078125
223,0.2222222238779068,0.4000000059604645,8.118878847148281,15975.83203125
224,0.2222222238779068,0.5,8.913684364888143,16390.611328125
225,0.2222222238779068,0.6000000238418579,9.488276424244917,13369.1328125
226,0.2222222238779068,0.699999988079071,10.051676776042537,17919.796875
227,0.2222222238779068,0.800000011920929,10.568919622787687,17625.517578125
228,0.2222222238779068,0.8999999761581421,10.948488209135125,17370.45703125
229,0.2222222238779068,1.0,11.279637665564618,16308.7216796875
230,0.23232322931289673,0.10000000149011612,9.882639009319913,14336.326171875
231,0.23232322931289673,0.20000000298023224,9.358802048505286,21392.0546875
232,0.23232322931289673,0.30000001192092896,8.562458362890117,18748.44140625
233,0.23232322931289673,0.4000000059604645,8.33828050531488,18418.56640625
234,0.23232322931289673,0.5,8.855933014159815,17762.962890625
235,0.23232322931289673,0.6000000238418579,9.442718883847038,14192.3896484375
236,0.23232322931289673,0.699999988079071,10.077186100320406,18484.07421875
237,0.23232322931289673,0.800000011920929,10.602035163548283,15193.833984375
238,0.23232322931289673,0.8999999761581421,10.965421336607069,21804.82421875
239,0.23232322931289673,1.0,11.282314748170794,15857.435546875
240,0.24242424964904785,0.10000000149011612,9.95607787163429,16795.9296875
241,0.24242424964904785,0.20000000298023224,9.294707011238533,20638.9921875
242,0.24242424964904785,0.30000001192092896,8.772351492076094,21884.74609375
243,0.24242424964904785,0.4000000059604645,8.419227790411254,19410.29296875
244,0.24242424964904785,0.5,8.94559187098998,19188.16015625
245,0.24242424964904785,0.6000000238418579,9.490711236666435,18148.33203125
246,0.24242424964904785,0.699999988079071,10.113474464842973,19198.42578125
247,0.24242424964904785,0.800000011920929,10.586468584033955,18533.02734375
248,0.24242424964904785,0.8999999761581421,10.934173225840919,20932.927734375
249,0.24242424964904785,1.0,11.284641281813972,15736.869140625
250,0.2525252401828766,0.10000000149011612,9.975160293504707,18788.8515625
251,0.2525252401828766,0.20000000298023224,9.577252637605788,26115.646484375
252,0.2525252401828766,0.30000001192092896,8.688993118128984,19507.515625
253,0.2525252401828766,0.4000000059604645,8.37133829593321,18297.259765625
254,0.2525252401828766,0.5,9.151255390720717,23914.9296875
255,0.2525252401828766,0.6000000238418579,9.431685431974007,16826.013671875
256,0.2525252401828766,0.699999988079071,10.214191301564485,14999.521484375
257,0.2525252401828766,0.800000011920929,10.584366523700789,22113.91796875
258,0.2525252401828766,0.8999999761581421,11.004301322415245,21332.23828125
259,0.2525252401828766,1.0,11.294734278864299,18487.76953125
260,0.2626262605190277,0.10000000149011612,9.919872120653247,18436.77734375
261,0.2626262605190277,0.20000000298023224,9.493260170633068,18812.3828125
262,0.2626262605190277,0.30000001192092896,8.599068533692524,17933.3828125
263,0.2626262605190277,0.4000000059604645,8.66593827165523,22532.216796875
264,0.2626262605190277,0.5,8.827068901054673,20958.6015625
265,0.2626262605190277,0.6000000238418579,9.53201292281361,22379.802734375
266,0.2626262605190277,0.699999988079071,10.256153298495304,18779.49609375
267,0.2626262605190277,0.800000011920929,10.659116177743627,23927.638671875
268,0.2626262605190277,0.8999999761581421,10.972115110377365,21607.39453125
269,0.2626262605190277,1.0,11.324293350928249,23383.52734375
270,0.27272728085517883,0.10000000149011612,10.009968504723577,19647.712890625
271,0.27272728085517883,0.20000000298023224,9.593073135667474,24986.92578125
272,0.27272728085517883,0.30000001192092896,8.83783855324764,20575.77734375
273,0.27272728085517883,0.4000000059604645,8.69454220048323,21125.275390625
274,0.27272728085517883,0.5,8.922845521580593,20011.263671875
275,0.27272728085517883,0.6000000238418579,9.622649195847544,24906.875
276,0.27272728085517883,0.699999988079071,10.126495469652436,20033.994140625
277,0.27272728085517883,0.800000011920929,10.6083575484819,22202.828125
278,0.27272728085517883,0.8999999761581421,11.003368437237583,25882.99609375
279,0.27272728085517883,1.0,11.288022358734299,15209.921875
280,0.28282827138900757,0.10000000149011612,9.996616555587089,22084.689453125
281,0.28282827138900757,0.20000000298023224,9.542018279795137,23583.306640625
282,0.28282827138900757,0.30000001192092896,9.10304482563124,23443.41015625
283,0.28282827138900757,0.4000000059604645,8.897360055985478,24817.26953125
284,0.28282827138900757,0.5,9.189965555620436,23260.8984375
285,0.28282827138900757,0.6000000238418579,9.668048505626123,26267.875
286,0.28282827138900757,0.699999988079071,10.145318756239027,26164.77734375
287,0.28282827138900757,0.800000011920929,10.553392310888826,23086.11328125
288,0.28282827138900757,0.8999999761581421,10.988665009674811,22726.94921875
289,0.28282827138900757,1.0,11.34549920168219,28109.302734375
290,0.2929292917251587,0.10000000149011612,10.153130010937396,27175.20703125
291,0.2929292917251587,0.20000000298023224,9.519195843069841,21830.8125
292,0.2929292917251587,0.30000001192092896,9.112645387894679,24648.005859375
293,0.2929292917251587,0.4000000059604645,8.820661045367785,21375.25
294,0.2929292917251587,0.5,9.0924944681327,22715.01953125
295,0.2929292917251587,0.6000000238418579,9.769912743790568,22986.716796875
296,0.2929292917251587,0.699999988079071,10.270164999543768,24356.662109375
297,0.2929292917251587,0.800000011920929,10.560427825427691,23559.75
298,0.2929292917251587,0.8999999761581421,11.042414144371044,24635.279296875
299,0.2929292917251587,1.0,11.341944083391722,27252.21875
300,0.3030303120613098,0.10000000149011612,10.218231213826263,27283.98046875
301,0.3030303120613098,0.20000000298023224,9.682076752071401,29733.48046875
302,0.3030303120613098,0.30000001192092896,9.239072167445032,27163.24609375
303,0.3030303120613098,0.4000000059604645,8.8803904903524,23802.728515625
304,0.3030303120613098,0.5,9.395192984013388,27865.658203125
305,0.3030303120613098,0.6000000238418579,9.83330762772874,26777.564453125
306,0.3030303120613098,0.699999988079071,10.27739010091883,28312.91015625
307,0.3030303120613098,0.800000011920929,10.67472388116981,28042.703125
308,0.3030303120613098,0.8999999761581421,11.052535971456553,28052.40625
309,0.3030303120613098,1.0,11.34852425037895,26286.73828125
310,0.31313130259513855,0.10000000149011612,10.150991496627672,25147.546875
311,0.31313130259513855,0.20000000298023224,9.70981059464622,24035.78515625
312,0.31313130259513855,0.30000001192092896,9.320710408847523,26437.0859375
313,0.31313130259513855,0.4000000059604645,9.115729059235496,27031.14453125
314,0.31313130259513855,0.5,9.33673948104826,26968.50390625
315,0.31313130259513855,0.6000000238418579,9.866853452151357,27036.115234375
316,0.31313130259513855,0.699999988079071,10.385127802764895,32692.748046875
317,0.31313130259513855,0.800000011920929,10.650115515997609,29502.06640625
318,0.31313130259513855,0.8999999761581421,10.972072442860561,22883.43359375
319,0.31313130259513855,1.0,11.340340788032577,25289.205078125
320,0.3232323229312897,0.10000000149011612,10.294806194566752,29067.6484375
321,0.3232323229312897,0.20000000298023224,9.833951983592334,29417.88671875
322,0.3232323229312897,0.30000001192092896,9.168293873173658,24323.65234375
323,0.3232323229312897,0.4000000059604645,9.308627030312076,33371.828125
324,0.3232323229312897,0.5,9.392616110663212,29295.99609375
325,0.3232323229312897,0.6000000238418579,9.840009094333254,26882.947265625
326,0.3232323229312897,0.699999988079071,10.385892964682693,22843.2109375
327,0.3232323229312897,0.800000011920929,10.623076291760205,28461.587890625
328,0.3232323229312897,0.8999999761581421,11.005250731307179,25804.345703125
329,0.3232323229312897,1.0,11.363274036336144,28588.2734375
330,0.3333333432674408,0.10000000149011612,10.14716347401059,22061.37109375
331,0.3333333432674408,0.20000000298023224,9.570228069412936,22677.296875
332,0.3333333432674408,0.30000001192092896,9.549306844732993,33919.9296875
333,0.3333333432674408,0.4000000059604645,9.345938682229786,30962.04296875
334,0.3333333432674408,0.5,9.549822026645824,29861.130859375
335,0.3333333432674408,0.6000000238418579,9.959099540155382,31682.34765625
336,0.3333333432674408,0.699999988079071,10.45483408800149,32123.19921875
337,0.3333333432674408,0.800000011920929,10.812977004929884,28509.0546875
338,0.3333333432674408,0.8999999761581421,11.033018332524893,31663.3671875
339,0.3333333432674408,1.0,11.361115169306167,27135.177734375
340,0.34343433380126953,0.10000000149011612,10.322674875796531,33641.21875
341,0.34343433380126953,0.20000000298023224,9.90776792941967,32678.12109375
342,0.34343433380126953,0.30000001192092896,9.461149551112456,30438.318359375
343,0.34343433380126953,0.4000000059604645,9.260190428130658,29588.046875
344,0.34343433380126953,0.5,9.562291039307176,29319.123046875
345,0.34343433380126953,0.6000000238418579,9.862631377744234,27435.482421875
346,0.34343433380126953,0.699999988079071,10.301256519616976,29344.13671875
347,0.34343433380126953,0.800000011920929,10.682523360898026,29044.11328125
348,0.34343433380126953,0.8999999761581421,11.052550889726255,27429.046875
349,0.34343433380126953,1.0,11.37814346923896,29449.68359375
350,0.35353535413742065,0.10000000149011612,10.204827492741234,28194.78515625
351,0.35353535413742065,0.20000000298023224,9.914312925861106,32299.595703125
352,0.35353535413742065,0.30000001192092896,9.547358706668518,33155.984375
353,0.35353535413742065,0.4000000059604645,9.464743190329585,33284.84765625
354,0.35353535413742065,0.5,9.551040961188985,29041.1328125
355,0.35353535413742065,0.6000000238418579,10.094617370417053,30450.6796875
356,0.35353535413742065,0.699999988079071,10.439763885610887,36969.28515625
357,0.35353535413742065,0.800000011920929,10.818748770267415,34342.3671875
358,0.35353535413742065,0.8999999761581421,11.082003176185083,31302.18359375
359,0.35353535413742065,1.0,11.387623864514758,33508.9140625
360,0.3636363744735718,0.10000000149011612,10.345926761508126,32496.404296875
361,0.3636363744735718,0.20000000298023224,10.039135490318934,40961.97265625
362,0.3636363744735718,0.30000001192092896,9.695952088610003,34807.96484375
363,0.3636363744735718,0.4000000059604645,9.484205999876615,33006.28515625
364,0.3636363744735718,0.5,9.924943415731974,41459.26953125
365,0.3636363744735718,0.6000000238418579,9.996622961569424,35686.484375
366,0.3636363744735718,0.699999988079071,10.430607704282142,33201.2109375
367,0.3636363744735718,0.800000011920929,10.737144782118573,38202.5625
368,0.3636363744735718,0.8999999761581421,11.133174018126729,37514.48828125
369,0.3636363744735718,1.0,11.377542716786964,28831.42578125
370,0.3737373650074005,0.10000000149011612,10.293973716596811,31578.20703125
371,0.3737373650074005,0.20000000298023224,9.999878114426586,34580.53515625
372,0.3737373650074005,0.30000001192092896,9.719579268806543,37481.265625
373,0.3737373650074005,0.4000000059604645,9.66716760673832,36590.66015625
374,0.3737373650074005,0.5,9.604249183926662,32063.6484375
375,0.3737373650074005,0.6000000238418579,9.912661069525983,33636.2421875
376,0.3737373650074005,0.699999988079071,10.440778758934755,36639.78515625
377,0.3737373650074005,0.800000011920929,10.821673440591823,32272.25390625
378,0.3737373650074005,0.8999999761581421,11.129762958638386,30273.25390625
379,0.3737373650074005,1.0,11.417640323914931,37123.0390625
380,0.38383838534355164,0.10000000149011612,10.394455913138428,35423.375
381,0.38383838534355164,0.20000000298023224,10.006452838639312,33170.57421875
382,0.38383838534355164,0.30000001192092896,9.815300769117844,40226.66796875
383,0.38383838534355164,0.4000000059604645,9.675849234700678,36815.86328125
384,0.38383838534355164,0.5,9.720121270519272,33813.52734375
385,0.38383838534355164,0.6000000238418579,9.936758830761429,30763.697265625
386,0.38383838534355164,0.699999988079071,10.459676045428422,37765.48046875
387,0.38383838534355164,0.800000011920929,10.747217588165267,31241.46875
388,0.38383838534355164,0.8999999761581421,11.135062566308656,29973.734375
389,0.38383838534355164,1.0,11.439965331393836,39078.19140625
390,0.39393940567970276,0.10000000149011612,10.403338170648993,30750.53125
391,0.39393940567970276,0.20000000298023224,10.077365768211072,38993.68359375
392,0.39393940567970276,0.30000001192092896,9.740889116201298,34247.296875
393,0.39393940567970276,0.4000000059604645,9.657362766711092,36712.26953125
394,0.39393940567970276,0.5,9.830882521914177,37125.5234375
395,0.39393940567970276,0.6000000238418579,10.262945397953741,43067.015625
396,0.39393940567970276,0.699999988079071,10.525320810678226,35419.84375
397,0.39393940567970276,0.800000011920929,10.751789902674181,36812.671875
398,0.39393940567970276,0.8999999761581421,11.148790397305131,37368.1328125
399,0.39393940567970276,1.0,11.431662195005172,37189.2265625
400,0.4040403962135315,0.10000000149011612,10.398114956255995,37593.43359375
401,0.4040403962135315,0.20000000298023224,10.264957437427787,47990.8359375
402,0.4040403962135315,0.30000001192092896,9.850411213877404,39008.265625
403,0.4040403962135315,0.4000000059604645,9.739298456107777,35924.70703125
404,0.4040403962135315,0.5,9.816312667861663,38177.6484375
405,0.4040403962135315,0.6000000238418579,10.259456407408887,40683.15625
406,0.4040403962135315,0.699999988079071,10.55956241361653,37218.7578125
407,0.4040403962135315,0.800000011920929,10.796576025534641,43308.63671875
408,0.4040403962135315,0.8999999761581421,11.124965885530022,37925.0234375
409,0.4040403962135315,1.0,11.43257043639418,35752.19921875
410,0.4141414165496826,0.10000000149011612,10.394670639706364,35046.3046875
411,0.4141414165496826,0.20000000298023224,10.128667856385977,39264.51171875
412,0.4141414165496826,0.30000001192092896,9.91316160373625,39820.98828125
413,0.4141414165496826,0.4000000059604645,9.934056728583448,43895.8203125
414,0.4141414165496826,0.5,9.906282958152865,38258.40625
415,0.4141414165496826,0.6000000238418579,10.22931079493191,36871.09375
416,0.4141414165496826,0.699999988079071,10.602268054852127,38858.53125
417,0.4141414165496826,0.800000011920929,10.918905318477238,44135.59765625
418,0.4141414165496826,0.8999999761581421,11.171255791920954,35729.24609375
419,0.4141414165496826,1.0,11.433542728270014,36225.4609375
420,0.42424243688583374,0.10000000149011612,10.53291181676246,44944.3359375
421,0.42424243688583374,0.20000000298023224,10.229764931339579,43013.7890625
422,0.42424243688583374,0.30000001192092896,10.020092898460334,42337.69140625
423,0.42424243688583374,0.4000000059604645,9.81916152273809,39812.6171875
424,0.42424243688583374,0.5,9.98262035117566,42542.80859375
425,0.42424243688583374,0.6000000238418579,10.327449863634516,40658.07421875
426,0.42424243688583374,0.699999988079071,10.515144803571792,41836.53125
427,0.42424243688583374,0.800000011920929,10.96129832716002,40767.78125
428,0.42424243688583374,0.8999999761581421,11.136679219655983,43331.84375
429,0.42424243688583374,1.0,11.444520478680621,37099.70703125
430,0.4343434274196625,0.10000000149011612,10.556115122052544,45519.828125
431,0.4343434274196625,0.20000000298023224,10.115084383820752,40230.078125
432,0.4343434274196625,0.30000001192092896,9.967743257806156,39574.83203125
433,0.4343434274196625,0.4000000059604645,9.816591687340663,37277.3359375
434,0.4343434274196625,0.5,10.04124961945474,43094.23828125
435,0.4343434274196625,0.6000000238418579,10.198151517991796,34414.1171875
436,0.4343434274196625,0.699999988079071,10.660844648002437,43676.6484375
437,0.4343434274196625,0.800000011920929,10.826725270006044,40387.30078125
438,0.4343434274196625,0.8999999761581421,11.218011261926053,46227.625
439,0.4343434274196625,1.0,11.489330850921274,45334.73828125
440,0.4444444477558136,0.10000000149011612,10.591747811522678,48916.4921875
441,0.4444444477558136,0.20000000298023224,10.32679181133618,47262.8203125
442,0.4444444477558136,0.30000001192092896,10.077779316688499,45488.28125
443,0.4444444477558136,0.4000000059604645,10.060200627426871,46781.8359375
444,0.4444444477558136,0.5,10.255204807496746,52428.0078125
445,0.4444444477558136,0.6000000238418579,10.472222349918074,51265.2734375
446,0.4444444477558136,0.699999988079071,10.62498784443364,43379.12890625
447,0.4444444477558136,0.800000011920929,10.90458218765908,39859.15625
448,0.4444444477558136,0.8999999761581421,11.259506927281457,45252.640625
449,0.4444444477558136,1.0,11.465310430377993,41695.46484375
450,0.4545454680919647,0.10000000149011612,10.606690836511067,46484.19140625
451,0.4545454680919647,0.20000000298023224,10.214182640916826,42598.3515625
452,0.4545454680919647,0.30000001192092896,10.13190001124692,47252.8359375
453,0.4545454680919647,0.4000000059604645,10.097086506976646,47222.640625
454,0.4545454680919647,0.5,10.144734141215366,43376.578125
455,0.4545454680919647,0.6000000238418579,10.412469837772083,49073.17578125
456,0.4545454680919647,0.699999988079071,10.57263006496998,38982.2109375
457,0.4545454680919647,0.800000011920929,10.98618850799323,46906.9140625
458,0.4545454680919647,0.8999999761581421,11.266112385934237,47762.59375
459,0.4545454680919647,1.0,11.508925914922349,47202.01953125
460,0.46464645862579346,0.10000000149011612,10.4971230734076,40242.875
461,0.46464645862579346,0.20000000298023224,10.400481671474687,48750.0078125
462,0.46464645862579346,0.30000001192092896,10.22274053802941,46742.6796875
463,0.46464645862579346,0.4000000059604645,10.121898909032431,49910.8984375
464,0.46464645862579346,0.5,9.8496416609373,34242.94140625
465,0.46464645862579346,0.6000000238418579,10.638961438720544,56889.65234375
466,0.46464645862579346,0.699999988079071,10.68675926050249,46504.42578125
467,0.46464645862579346,0.800000011920929,10.890363793226848,42618.625
468,0.46464645862579346,0.8999999761581421,11.179303069940174,39769.375
469,0.46464645862579346,1.0,11.519895803121734,47209.23828125
470,0.4747474789619446,0.10000000149011612,10.676591319272799,50509.39453125
471,0.4747474789619446,0.20000000298023224,10.47839431746679,52643.765625
472,0.4747474789619446,0.30000001192092896,10.055730386797155,41959.8125
473,0.4747474789619446,0.4000000059604645,10.085963719773105,45824.4453125
474,0.4747474789619446,0.5,10.340910421169601,56723.8984375
475,0.4747474789619446,0.6000000238418579,10.382187511783416,45586.3828125
476,0.4747474789619446,0.699999988079071,10.751288634500398,49968.9453125
477,0.4747474789619446,0.800000011920929,10.97071545823919,51531.4375
478,0.4747474789619446,0.8999999761581421,11.265526842049379,47151.140625
479,0.4747474789619446,1.0,11.537333357153543,48445.0625
480,0.4848484992980957,0.10000000149011612,10.683604654148292,49263.48046875
481,0.4848484992980957,0.20000000298023224,10.430210670098027,51466.09375
482,0.4848484992980957,0.30000001192092896,10.302035170088475,53981.140625
483,0.4848484992980957,0.4000000059604645,10.159440760146,50521.48828125
484,0.4848484992980957,0.5,10.395430507745354,52466.8984375
485,0.4848484992980957,0.6000000238418579,10.53945293892766,53401.03125
486,0.4848484992980957,0.699999988079071,10.749934213702469,52206.5625
487,0.4848484992980957,0.800000011920929,10.99356725292583,46850.5
488,0.4848484992980957,0.8999999761581421,11.356087336038584,56258.0
489,0.4848484992980957,1.0,11.525299604168824,48394.0
490,0.49494948983192444,0.10000000149011612,10.815119009326425,59240.3203125
491,0.49494948983192444,0.20000000298023224,10.42256892550407,47269.66015625
492,0.49494948983192444,0.30000001192092896,10.306872764784712,53322.078125
493,0.49494948983192444,0.4000000059604645,10.381371851768948,57718.6875
494,0.49494948983192444,0.5,10.334766785872487,52937.9296875
495,0.49494948983192444,0.6000000238418579,10.505098361013406,50042.6171875
496,0.49494948983192444,0.699999988079071,10.848552950413854,52776.28515625
497,0.49494948983192444,0.800000011920929,11.08687149400119,48882.34765625
498,0.49494948983192444,0.8999999761581421,11.250894894820595,44992.6640625
499,0.49494948983192444,1.0,11.55332937210413,49974.1953125
500,0.5050504803657532,0.10000000149011612,10.699869837369612,49988.73828125
501,0.5050504803657532,0.20000000298023224,10.568871429310143,56918.875
502,0.5050504803657532,0.30000001192092896,10.382707491954102,55623.90625
503,0.5050504803657532,0.4000000059604645,10.208731548699044,48371.375
504,0.5050504803657532,0.5,10.406388420710538,53022.9765625
505,0.5050504803657532,0.6000000238418579,10.622437628484567,57255.140625
506,0.5050504803657532,0.699999988079071,10.837936637834678,57285.85546875
507,0.5050504803657532,0.800000011920929,11.093844724020176,58240.515625
508,0.5050504803657532,0.8999999761581421,11.315275272636582,55021.1796875
509,0.5050504803657532,1.0,11.572597868865161,55400.6640625
510,0.5151515007019043,0.10000000149011612,10.828955265563069,56367.96875
511,0.5151515007019043,0.20000000298023224,10.491977420653734,52323.8671875
512,0.5151515007019043,0.30000001192092896,10.257664231924728,50594.08984375
513,0.5151515007019043,0.4000000059604645,10.364800696638149,58528.84765625
514,0.5151515007019043,0.5,10.479109269245694,58165.99609375
515,0.5151515007019043,0.6000000238418579,10.611997948157565,53849.63671875
516,0.5151515007019043,0.699999988079071,10.936107346893111,62016.2578125
517,0.5151515007019043,0.800000011920929,11.175996358374821,57887.7421875
518,0.5151515007019043,0.8999999761581421,11.320904552388729,52257.18359375
519,0.5151515007019043,1.0,11.576566415442992,55870.71484375
520,0.5252525210380554,0.10000000149011612,10.740969593670394,49514.48828125
521,0.5252525210380554,0.20000000298023224,10.53963946081914,52767.9453125
522,0.5252525210380554,0.30000001192092896,10.465103459435092,57145.33984375
523,0.5252525210380554,0.4000000059604645,10.373335530020318,54907.453125
524,0.5252525210380554,0.5,10.508269385925097,59071.0546875
525,0.5252525210380554,0.6000000238418579,10.562947261413118,56535.59765625
526,0.5252525210380554,0.699999988079071,10.9461547075862,62939.25
527,0.5252525210380554,0.800000011920929,11.084222235790564,57919.1953125
528,0.5252525210380554,0.8999999761581421,11.341850830022622,57590.92578125
529,0.5252525210380554,1.0,11.586486200363652,55934.15234375
530,0.5353535413742065,0.10000000149011612,10.838707981794379,57357.4296875
531,0.5353535413742065,0.20000000298023224,10.674759647450177,63329.2109375
532,0.5353535413742065,0.30000001192092896,10.504576729930905,59888.39453125
533,0.5353535413742065,0.4000000059604645,10.459515214411075,60555.1875
534,0.5353535413742065,0.5,10.474156316370632,58452.3359375
535,0.5353535413742065,0.6000000238418579,10.661651716412514,58476.6640625
536,0.5353535413742065,0.699999988079071,10.970470221820985,64991.125
537,0.5353535413742065,0.800000011920929,11.1880895751969,59943.109375
538,0.5353535413742065,0.8999999761581421,11.367913059882655,58365.03125
539,0.5353535413742065,1.0,11.59106874968926,56614.734375
540,0.5454545617103577,0.10000000149011612,10.859048951243743,61702.45703125
541,0.5454545617103577,0.20000000298023224,10.706980195811946,61287.6015625
542,0.5454545617103577,0.30000001192092896,10.552036493178639,60294.90625
543,0.5454545617103577,0.4000000059604645,10.496091372336467,59732.375
544,0.5454545617103577,0.5,10.508313229799732,55701.765625
545,0.5454545617103577,0.6000000238418579,10.724784937221704,62316.05078125
546,0.5454545617103577,0.699999988079071,10.840943493998845,55899.08203125
547,0.5454545617103577,0.800000011920929,11.12391639793304,58623.6328125
548,0.5454545617103577,0.8999999761581421,11.385761347442884,59401.83984375
549,0.5454545617103577,1.0,11.649692028936233,64742.69140625
550,0.5555555820465088,0.10000000149011612,10.919052047692979,63859.859375
551,0.5555555820465088,0.20000000298023224,10.703901643319107,63076.3671875
552,0.5555555820465088,0.30000001192092896,10.637966254035693,66783.7578125
553,0.5555555820465088,0.4000000059604645,10.508608885739434,61573.10546875
554,0.5555555820465088,0.5,10.652686507275401,70134.0546875
555,0.5555555820465088,0.6000000238418579,10.799346517059497,64497.22265625
556,0.5555555820465088,0.699999988079071,10.940177201219827,58373.4453125
557,0.5555555820465088,0.800000011920929,11.141289382470294,66747.171875
558,0.5555555820465088,0.8999999761581421,11.424023978985831,62005.390625
559,0.5555555820465088,1.0,11.650933696580148,65168.1171875
560,0.5656565427780151,0.10000000149011612,10.940928422786369,67740.1484375
561,0.5656565427780151,0.20000000298023224,10.729287480547612,62475.60546875
562,0.5656565427780151,0.30000001192092896,10.559655139569601,63040.375
563,0.5656565427780151,0.4000000059604645,10.544668000651324,63856.78125
564,0.5656565427780151,0.5,10.49829066860491,57876.078125
565,0.5656565427780151,0.6000000238418579,10.659089297193406,60092.67578125
566,0.5656565427780151,0.699999988079071,11.0428905852362,68507.140625
567,0.5656565427780151,0.800000011920929,11.227272374408512,64770.203125
568,0.5656565427780151,0.8999999761581421,11.437638384479872,68236.15625
569,0.5656565427780151,1.0,11.663410886831434,68169.5390625
570,0.5757575631141663,0.10000000149011612,10.964668765277851,70046.0390625
571,0.5757575631141663,0.20000000298023224,10.682443955495675,60485.03515625
572,0.5757575631141663,0.30000001192092896,10.622561720727134,63724.65625
573,0.5757575631141663,0.4000000059604645,10.600068090186955,65528.4140625
574,0.5757575631141663,0.5,10.753998326341996,73808.0234375
575,0.5757575631141663,0.6000000238418579,10.779924814858889,69026.359375
576,0.5757575631141663,0.699999988079071,11.090409962134343,71953.390625
577,0.5757575631141663,0.800000011920929,11.184547475119583,60944.54296875
578,0.5757575631141663,0.8999999761581421,11.45427200947989,68968.484375
579,0.5757575631141663,1.0,11.660578743038771,65138.7890625
580,0.5858585834503174,0.10000000149011612,11.03056081461609,72863.3359375
581,0.5858585834503174,0.20000000298023224,10.925990749556062,77089.671875
582,0.5858585834503174,0.30000001192092896,10.681648657520535,70124.8125
583,0.5858585834503174,0.4000000059604645,10.694716901903508,74446.796875
584,0.5858585834503174,0.5,10.645846218467499,67349.6484375
585,0.5858585834503174,0.6000000238418579,10.758779158882337,65856.3671875
586,0.5858585834503174,0.699999988079071,11.004523464355502,63872.94140625
587,0.5858585834503174,0.800000011920929,11.279458793599026,66840.7109375
588,0.5858585834503174,0.8999999761581421,11.45056141129709,69995.171875
589,0.5858585834503174,1.0,11.674803798705344,67560.8359375
590,0.5959596037864685,0.10000000149011612,10.941221557661095,66521.4921875
591,0.5959596037864685,0.20000000298023224,10.882244151270694,72931.7265625
592,0.5959596037864685,0.30000001192092896,10.759434868169041,73525.8125
593,0.5959596037864685,0.4000000059604645,10.738628896884101,76620.671875
594,0.5959596037864685,0.5,10.71099316147315,70899.9609375
595,0.5959596037864685,0.6000000238418579,10.853113094789284,71733.1875
596,0.5959596037864685,0.699999988079071,11.0600278156273,65999.3984375
597,0.5959596037864685,0.800000011920929,11.233390737583004,74813.140625
598,0.5959596037864685,0.8999999761581421,11.477914677630418,65183.88671875
599,0.5959596037864685,1.0,11.73621513060922,79686.25
600,0.6060606241226196,0.10000000149011612,11.07843230905796,80979.640625
601,0.6060606241226196,0.20000000298023224,10.86667521408938,72061.8046875
602,0.6060606241226196,0.30000001192092896,10.767469919091454,72391.953125
603,0.6060606241226196,0.4000000059604645,10.646188091821532,69307.0625
604,0.6060606241226196,0.5,10.841171863608324,76926.40625
605,0.6060606241226196,0.6000000238418579,10.951297996759063,78103.390625
606,0.6060606241226196,0.699999988079071,11.070451152768959,76035.25
607,0.6060606241226196,0.800000011920929,11.354553073746676,73732.2109375
608,0.6060606241226196,0.8999999761581421,11.52642487405134,72602.2109375
609,0.6060606241226196,1.0,11.712130897117307,75369.4375
610,0.6161616444587708,0.10000000149011612,11.100673747021089,81800.25
611,0.6161616444587708,0.20000000298023224,10.888404046854289,77185.34375
612,0.6161616444587708,0.30000001192092896,10.83257959068495,78315.359375
613,0.6161616444587708,0.4000000059604645,10.826923245152276,84007.203125
614,0.6161616444587708,0.5,10.82781178860666,76845.828125
615,0.6161616444587708,0.6000000238418579,10.911902428278884,76386.375
616,0.6161616444587708,0.699999988079071,11.135414641363889,75708.28125
617,0.6161616444587708,0.800000011920929,11.247052277990951,71657.3125
618,0.6161616444587708,0.8999999761581421,11.521588457658087,83570.4296875
619,0.6161616444587708,1.0,11.692515886753778,72733.4375
620,0.6262626051902771,0.10000000149011612,11.08826923513636,77745.40625
621,0.6262626051902771,0.20000000298023224,11.006183743316512,84427.0
622,0.6262626051902771,0.30000001192092896,10.875267093429917,83131.28125
623,0.6262626051902771,0.4000000059604645,10.816457385700113,76376.1953125
624,0.6262626051902771,0.5,10.859312950678973,82243.6875
625,0.6262626051902771,0.6000000238418579,11.02286924468998,80535.0625
626,0.6262626051902771,0.699999988079071,11.127562571630376,79224.78125
627,0.6262626051902771,0.800000011920929,11.355659442707388,82002.5
628,0.6262626051902771,0.8999999761581421,11.51102357940691,76949.84375
629,0.6262626051902771,1.0,11.773723238708456,83781.015625
630,0.6363636255264282,0.10000000149011612,11.111883840068392,78746.328125
631,0.6363636255264282,0.20000000298023224,11.034326501448689,83744.359375
632,0.6363636255264282,0.30000001192092896,10.922466365105217,83764.3828125
633,0.6363636255264282,0.4000000059604645,10.7788272939402,72595.703125
634,0.6363636255264282,0.5,10.902477748241253,79986.9375
635,0.6363636255264282,0.6000000238418579,10.924913337153257,79562.2578125
636,0.6363636255264282,0.699999988079071,11.184833097092655,85310.015625
637,0.6363636255264282,0.800000011920929,11.29248441096209,77457.09375
638,0.6363636255264282,0.8999999761581421,11.548842424450692,79555.6015625
639,0.6363636255264282,1.0,11.74964852103892,78443.4765625
640,0.6464646458625793,0.10000000149011612,11.116767612793803,79427.5859375
641,0.6464646458625793,0.20000000298023224,10.97710329571219,85676.75
642,0.6464646458625793,0.30000001192092896,11.018707521231347,93588.0703125
643,0.6464646458625793,0.4000000059604645,10.871383826918315,80419.34375
644,0.6464646458625793,0.5,11.007231961815453,91617.0625
645,0.6464646458625793,0.6000000238418579,11.157228948465225,98805.78125
646,0.6464646458625793,0.699999988079071,11.223876834202825,91949.0546875
647,0.6464646458625793,0.800000011920929,11.452920153294798,96642.5234375
648,0.6464646458625793,0.8999999761581421,11.584347467062395,84252.3046875
649,0.6464646458625793,1.0,11.774044182431386,84087.78125
650,0.6565656661987305,0.10000000149011612,11.153419732413125,80127.75
651,0.6565656661987305,0.20000000298023224,11.016068233627314,80288.421875
652,0.6565656661987305,0.30000001192092896,10.9752812414627,91014.390625
653,0.6565656661987305,0.4000000059604645,10.92564076000264,85656.078125
654,0.6565656661987305,0.5,10.818812896698482,76396.5234375
655,0.6565656661987305,0.6000000238418579,10.962730783715147,79103.6015625
656,0.6565656661987305,0.699999988079071,11.23426590033764,82000.1171875
657,0.6565656661987305,0.800000011920929,11.464285719174885,92686.1640625
658,0.6565656661987305,0.8999999761581421,11.585053230039541,87263.453125
659,0.6565656661987305,1.0,11.767030353930695,80700.0078125
660,0.6666666865348816,0.10000000149011612,11.243942469950932,92365.1171875
661,0.6666666865348816,0.20000000298023224,11.013083440650515,82858.4453125
662,0.6666666865348816,0.30000001192092896,10.912192656088378,87199.0
663,0.6666666865348816,0.4000000059604645,10.960843928227728,91216.40625
664,0.6666666865348816,0.5,11.043517783112568,93342.7890625
665,0.6666666865348816,0.6000000238418579,11.11116314152336,90786.8671875
666,0.6666666865348816,0.699999988079071,11.248611754692412,91334.0703125
667,0.6666666865348816,0.800000011920929,11.474893033031098,89492.2734375
668,0.6666666865348816,0.8999999761581421,11.62995960916628,89911.015625
669,0.6666666865348816,1.0,11.820648187859021,93825.0
670,0.6767677068710327,0.10000000149011612,11.205137725560387,87523.015625
671,0.6767677068710327,0.20000000298023224,11.065812398769198,87659.1171875
672,0.6767677068710327,0.30000001192092896,11.003374159124489,88691.53125
673,0.6767677068710327,0.4000000059604645,10.930618244828636,87867.578125
674,0.6767677068710327,0.5,11.004863986183164,88970.546875
675,0.6767677068710327,0.6000000238418579,11.167885914748942,88759.453125
676,0.6767677068710327,0.699999988079071,11.267146402530853,86074.375
677,0.6767677068710327,0.800000011920929,11.497608205542381,94460.078125
678,0.6767677068710327,0.8999999761581421,11.670916039741137,98248.21875
679,0.6767677068710327,1.0,11.827532945103313,91946.328125
680,0.6868686676025391,0.10000000149011612,11.295179430195413,96193.0
681,0.6868686676025391,0.20000000298023224,11.125369303489505,98783.96875
682,0.6868686676025391,0.30000001192092896,11.109641959809892,97493.078125
683,0.6868686676025391,0.4000000059604645,10.984216203500429,95218.5234375
684,0.6868686676025391,0.5,11.017977163244696,98094.1953125
685,0.6868686676025391,0.6000000238418579,11.025002807092008,81490.203125
686,0.6868686676025391,0.699999988079071,11.26900645784684,93392.3515625
687,0.6868686676025391,0.800000011920929,11.49898689791536,96541.484375
688,0.6868686676025391,0.8999999761581421,11.715187634842174,101261.875
689,0.6868686676025391,1.0,11.824842880846623,98301.625
690,0.6969696879386902,0.10000000149011612,11.305267157704884,93861.734375
691,0.6969696879386902,0.20000000298023224,11.205534185858424,97286.140625
692,0.6969696879386902,0.30000001192092896,11.092038137181568,100545.34375
693,0.6969696879386902,0.4000000059604645,11.011951028322697,92259.03125
694,0.6969696879386902,0.5,11.079601643220897,92143.1640625
695,0.6969696879386902,0.6000000238418579,11.286001044701637,111863.09375
696,0.6969696879386902,0.699999988079071,11.298654157393935,86916.5546875
697,0.6969696879386902,0.800000011920929,11.557457618331375,111853.625
698,0.6969696879386902,0.8999999761581421,11.694539675299481,103897.921875
699,0.6969696879386902,1.0,11.837591563855925,95570.8046875
700,0.7070707082748413,0.10000000149011612,11.310230395456015,101118.7265625
701,0.7070707082748413,0.20000000298023224,11.258411571175197,108060.59375
702,0.7070707082748413,0.30000001192092896,11.070282714592395,95524.6015625
703,0.7070707082748413,0.4000000059604645,11.10151286177424,102428.9375
704,0.7070707082748413,0.5,11.131049578928746,101932.8515625
705,0.7070707082748413,0.6000000238418579,11.237281373570804,102025.890625
706,0.7070707082748413,0.699999988079071,11.345694716975743,97305.3828125
707,0.7070707082748413,0.800000011920929,11.411377464099768,93536.4296875
708,0.7070707082748413,0.8999999761581421,11.663992824819559,99841.203125
709,0.7070707082748413,1.0,11.87542565914554,105426.3515625
710,0.7171717286109924,0.10000000149011612,11.327372129099395,106269.3984375
711,0.7171717286109924,0.20000000298023224,11.248870905571309,107199.109375
712,0.7171717286109924,0.30000001192092896,11.092475755777182,98909.703125
713,0.7171717286109924,0.4000000059604645,11.076861863743284,103373.6015625
714,0.7171717286109924,0.5,11.20046059096534,107546.609375
715,0.7171717286109924,0.6000000238418579,11.247139823010066,107993.1796875
716,0.7171717286109924,0.699999988079071,11.403140941694641,101344.375
717,0.7171717286109924,0.800000011920929,11.575843337628704,112298.15625
718,0.7171717286109924,0.8999999761581421,11.698606606409545,105523.515625
719,0.7171717286109924,1.0,11.909592714332389,110387.171875
720,0.7272727489471436,0.10000000149011612,11.342529082296648,107022.234375
721,0.7272727489471436,0.20000000298023224,11.243664755851107,108032.234375
722,0.7272727489471436,0.30000001192092896,11.186524869913049,114921.484375
723,0.7272727489471436,0.4000000059604645,11.27040216958837,121645.1484375
724,0.7272727489471436,0.5,11.140222646543924,101863.953125
725,0.7272727489471436,0.6000000238418579,11.253789040106343,105767.859375
726,0.7272727489471436,0.699999988079071,11.34878260732048,103317.734375
727,0.7272727489471436,0.800000011920929,11.586887221077763,113934.1875
728,0.7272727489471436,0.8999999761581421,11.686349023082947,101703.7734375
729,0.7272727489471436,1.0,11.899184499058919,108466.2734375
730,0.7373737096786499,0.10000000149011612,11.434607947986589,120634.75
731,0.7373737096786499,0.20000000298023224,11.277358182719228,112057.734375
732,0.7373737096786499,0.30000001192092896,11.22195068583812,116700.1015625
733,0.7373737096786499,0.4000000059604645,11.188824234675087,112589.21875
734,0.7373737096786499,0.5,11.300461886207662,120710.53125
735,0.7373737096786499,0.6000000238418579,11.352451960545949,113448.265625
736,0.7373737096786499,0.699999988079071,11.440151290412887,111251.953125
737,0.7373737096786499,0.800000011920929,11.57273504885111,100254.5625
738,0.7373737096786499,0.8999999761581421,11.743521179809477,108889.5625
739,0.7373737096786499,1.0,11.90194461834815,109386.171875
740,0.747474730014801,0.10000000149011612,11.409459507669474,114911.9140625
741,0.747474730014801,0.20000000298023224,11.270073244836228,114721.46875
742,0.747474730014801,0.30000001192092896,11.268042131990402,122064.3828125
743,0.747474730014801,0.4000000059604645,11.199990112366722,113711.125
744,0.747474730014801,0.5,11.24918704584705,118476.703125
745,0.747474730014801,0.6000000238418579,11.311251636329853,118241.15625
746,0.747474730014801,0.699999988079071,11.422440391221336,116483.8125
747,0.747474730014801,0.800000011920929,11.583567174293327,117629.21875
748,0.747474730014801,0.8999999761581421,11.763872152031508,119396.6015625
749,0.747474730014801,1.0,11.92451718368013,112826.828125
750,0.7575757503509521,0.10000000149011612,11.452359210591007,122879.2265625
751,0.7575757503509521,0.20000000298023224,11.358116808307013,121884.96875
752,0.7575757503509521,0.30000001192092896,11.261643625444018,120488.34375
753,0.7575757503509521,0.4000000059604645,11.287283678476046,124478.28125
754,0.7575757503509521,0.5,11.248344699002182,115219.453125
755,0.7575757503509521,0.6000000238418579,11.363790466805336,120358.625
756,0.7575757503509521,0.699999988079071,11.481817932032932,122255.703125
757,0.7575757503509521,0.800000011920929,11.604774405910563,119574.453125
758,0.7575757503509521,0.8999999761581421,11.84201988265099,129503.421875
759,0.7575757503509521,1.0,11.921544033192427,115874.4140625
760,0.7676767706871033,0.10000000149011612,11.47266133890097,121660.265625
761,0.7676767706871033,0.20000000298023224,11.4223763318125,130832.9140625
762,0.7676767706871033,0.30000001192092896,11.281506950075396,117612.328125
763,0.7676767706871033,0.4000000059604645,11.298990071735163,128301.1796875
764,0.7676767706871033,0.5,11.311308219240129,128758.390625
765,0.7676767706871033,0.6000000238418579,11.384066443371296,126713.921875
766,0.7676767706871033,0.699999988079071,11.51712476057369,122668.8828125
767,0.7676767706871033,0.800000011920929,11.654616998291134,128097.21875
768,0.7676767706871033,0.8999999761581421,11.750617546326165,116959.234375
769,0.7676767706871033,1.0,11.956565066057236,123415.078125
770,0.7777777910232544,0.10000000149011612,11.446181680693016,118421.703125
771,0.7777777910232544,0.20000000298023224,11.417685868612333,131364.140625
772,0.7777777910232544,0.30000001192092896,11.319736098130258,124822.875
773,0.7777777910232544,0.4000000059604645,11.274244645518175,118790.0390625
774,0.7777777910232544,0.5,11.354310211352658,136863.84375
775,0.7777777910232544,0.6000000238418579,11.45176190889231,133436.28125
776,0.7777777910232544,0.699999988079071,11.556962535589978,125344.125
777,0.7777777910232544,0.800000011920929,11.652361199254008,126968.1875
778,0.7777777910232544,0.8999999761581421,11.811575643792155,140491.125
779,0.7777777910232544,1.0,11.913392269009437,115763.359375
780,0.7878788113594055,0.10000000149011612,11.484331784348948,129801.71875
781,0.7878788113594055,0.20000000298023224,11.378433700622088,127467.625
782,0.7878788113594055,0.30000001192092896,11.37469842215882,135032.59375
783,0.7878788113594055,0.4000000059604645,11.367373904428407,134654.828125
784,0.7878788113594055,0.5,11.390588325105286,138404.59375
785,0.7878788113594055,0.6000000238418579,11.436083735466184,130268.515625
786,0.7878788113594055,0.699999988079071,11.539558267345287,131945.59375
787,0.7878788113594055,0.800000011920929,11.632939620936723,126583.1640625
788,0.7878788113594055,0.8999999761581421,11.827625569128317,138574.859375
789,0.7878788113594055,1.0,12.03177134036244,147117.140625
790,0.7979797720909119,0.10000000149011612,11.550102625144591,138899.65625
791,0.7979797720909119,0.20000000298023224,11.471138731150088,137385.484375
792,0.7979797720909119,0.30000001192092896,11.38176794889843,132963.0625
793,0.7979797720909119,0.4000000059604645,11.380451905500017,146490.140625
794,0.7979797720909119,0.5,11.415517187259494,133255.484375
795,0.7979797720909119,0.6000000238418579,11.48397132597676,142275.625
796,0.7979797720909119,0.699999988079071,11.57375006678933,136279.015625
797,0.7979797720909119,0.800000011920929,11.683999763023918,142262.484375
798,0.7979797720909119,0.8999999761581421,11.823739863275918,139081.5
799,0.7979797720909119,1.0,11.946095412647084,127511.0390625
800,0.808080792427063,0.10000000149011612,11.610407715937306,151172.375
801,0.808080792427063,0.20000000298023224,11.393091176542004,133072.34375
802,0.808080792427063,0.30000001192092896,11.476224767658127,161325.84375
803,0.808080792427063,0.4000000059604645,11.394548835202965,142264.90625
804,0.808080792427063,0.5,11.444065704043316,144056.53125
805,0.808080792427063,0.6000000238418579,11.476716349899618,140376.953125
806,0.808080792427063,0.699999988079071,11.650779950719167,148005.703125
807,0.808080792427063,0.800000011920929,11.734226069100043,139963.796875
808,0.808080792427063,0.8999999761581421,11.819071033187548,141808.71875
809,0.808080792427063,1.0,11.99991180258426,142274.625
810,0.8181818127632141,0.10000000149011612,11.555971110345382,143444.640625
811,0.8181818127632141,0.20000000298023224,11.475677317529357,145384.515625
812,0.8181818127632141,0.30000001192092896,11.457622497841564,148272.28125
813,0.8181818127632141,0.4000000059604645,11.360159099974407,141544.625
814,0.8181818127632141,0.5,11.439518569120459,159463.796875
815,0.8181818127632141,0.6000000238418579,11.43660548081316,144401.0625
816,0.8181818127632141,0.699999988079071,11.625895548040706,149063.53125
817,0.8181818127632141,0.800000011920929,11.725107785894465,140867.328125
818,0.8181818127632141,0.8999999761581421,11.882093265939984,151349.328125
819,0.8181818127632141,1.0,12.034170028834328,148475.046875
820,0.8282828330993652,0.10000000149011612,11.634064806370297,154296.515625
821,0.8282828330993652,0.20000000298023224,11.482789175702644,146523.40625
822,0.8282828330993652,0.30000001192092896,11.437050933368786,149246.875
823,0.8282828330993652,0.4000000059604645,11.450334546023651,156469.296875
824,0.8282828330993652,0.5,11.493159285447321,159713.71875
825,0.8282828330993652,0.6000000238418579,11.580523509972176,156018.484375
826,0.8282828330993652,0.699999988079071,11.631356762681577,158420.9375
827,0.8282828330993652,0.800000011920929,11.757748129428306,155295.6875
828,0.8282828330993652,0.8999999761581421,11.856881347876145,138029.984375
829,0.8282828330993652,1.0,12.033061549074322,156158.234375
830,0.8383838534355164,0.10000000149011612,11.622637405680809,164885.53125
831,0.8383838534355164,0.20000000298023224,11.538295744234127,163468.90625
832,0.8383838534355164,0.30000001192092896,11.508785579331795,165028.5
833,0.8383838534355164,0.4000000059604645,11.465948335946356,161235.953125
834,0.8383838534355164,0.5,11.531101310214897,164491.25
835,0.8383838534355164,0.6000000238418579,11.552527490631,160010.296875
836,0.8383838534355164,0.699999988079071,11.630064821287284,161773.65625
837,0.8383838534355164,0.800000011920929,11.74037286642034,160772.8125
838,0.8383838534355164,0.8999999761581421,11.881358047428979,161676.71875
839,0.8383838534355164,1.0,12.075956752725517,166013.6875
840,0.8484848737716675,0.10000000149011612,11.646960988312005,164107.09375
841,0.8484848737716675,0.20000000298023224,11.502615152143823,156526.21875
842,0.8484848737716675,0.30000001192092896,11.536051302028092,165017.328125
843,0.8484848737716675,0.4000000059604645,11.532405200068803,174355.71875
844,0.8484848737716675,0.5,11.553023122221571,166254.3125
845,0.8484848737716675,0.6000000238418579,11.614008438726382,170486.296875
846,0.8484848737716675,0.699999988079071,11.68214456607189,163465.6875
847,0.8484848737716675,0.800000011920929,11.800946581502568,171962.4375
848,0.8484848737716675,0.8999999761581421,11.929813519595715,180094.15625
849,0.8484848737716675,1.0,12.076211473683555,168978.40625
850,0.8585858345031738,0.10000000149011612,11.695884253584687,176739.0
851,0.8585858345031738,0.20000000298023224,11.657891100056045,182605.796875
852,0.8585858345031738,0.30000001192092896,11.540558643149366,177717.09375
853,0.8585858345031738,0.4000000059604645,11.54797198851954,178044.828125
854,0.8585858345031738,0.5,11.5485375112489,175767.421875
855,0.8585858345031738,0.6000000238418579,11.64037853917626,180862.40625
856,0.8585858345031738,0.699999988079071,11.713323857736365,184579.640625
857,0.8585858345031738,0.800000011920929,11.811437354557278,168900.015625
858,0.8585858345031738,0.8999999761581421,12.017580527420616,174598.90625
859,0.8585858345031738,1.0,12.068012621257942,171896.09375
860,0.868686854839325,0.10000000149011612,11.664696127301438,172997.109375
861,0.868686854839325,0.20000000298023224,11.61120750283568,184345.5625
862,0.868686854839325,0.30000001192092896,11.606186316220866,193170.40625
863,0.868686854839325,0.4000000059604645,11.522201992135995,180994.515625
864,0.868686854839325,0.5,11.610324370957361,186242.921875
865,0.868686854839325,0.6000000238418579,11.628457844799817,180794.640625
866,0.868686854839325,0.699999988079071,11.731025695092741,181042.703125
867,0.868686854839325,0.800000011920929,11.825030792092452,183299.46875
868,0.868686854839325,0.8999999761581421,11.977357056236546,177986.15625
869,0.868686854839325,1.0,12.092023275592377,175045.640625
870,0.8787878751754761,0.10000000149011612,11.716294916081358,189436.234375
871,0.8787878751754761,0.20000000298023224,11.658252666976537,190546.34375
872,0.8787878751754761,0.30000001192092896,11.60154484530424,186703.96875
873,0.8787878751754761,0.4000000059604645,11.59344397289441,191157.0
874,0.8787878751754761,0.5,11.60772969293887,201323.53125
875,0.8787878751754761,0.6000000238418579,11.687429172066397,203562.609375
876,0.8787878751754761,0.699999988079071,11.774179618299986,207086.109375
877,0.8787878751754761,0.800000011920929,11.879548171689525,193097.03125
878,0.8787878751754761,0.8999999761581421,11.960414345174609,182399.0
879,0.8787878751754761,1.0,12.120521054806648,193956.9375
880,0.8888888955116272,0.10000000149011612,11.747582172319605,208445.828125
881,0.8888888955116272,0.20000000298023224,11.655966468278837,214721.734375
882,0.8888888955116272,0.30000001192092896,11.616751413156452,208602.71875
883,0.8888888955116272,0.4000000059604645,11.562539991640458,199481.21875
884,0.8888888955116272,0.5,11.679130343005646,211030.53125
885,0.8888888955116272,0.6000000238418579,11.677519392513512,206758.28125
886,0.8888888955116272,0.699999988079071,11.764929152185388,199826.40625
887,0.8888888955116272,0.800000011920929,11.858840146243306,205758.15625
888,0.8888888955116272,0.8999999761581421,12.002522217337285,207419.578125
889,0.8888888955116272,1.0,12.13036902600803,208422.09375
890,0.8989899158477783,0.10000000149011612,11.739410801295795,210116.703125
891,0.8989899158477783,0.20000000298023224,11.706650890397512,217168.890625
892,0.8989899158477783,0.30000001192092896,11.654242786789318,223514.875
893,0.8989899158477783,0.4000000059604645,11.631650973026607,216738.6875
894,0.8989899158477783,0.5,11.676999711678642,215829.875
895,0.8989899158477783,0.6000000238418579,11.761713249111342,211057.40625
896,0.8989899158477783,0.699999988079071,11.785157707318863,221823.8125
897,0.8989899158477783,0.800000011920929,11.889176723833721,222494.0
898,0.8989899158477783,0.8999999761581421,12.012193936386549,213516.09375
899,0.8989899158477783,1.0,12.14054279985943,205386.890625
900,0.9090909361839294,0.10000000149011612,11.833759429266713,237774.859375
901,0.9090909361839294,0.20000000298023224,11.719071180630118,225680.3125
902,0.9090909361839294,0.30000001192092896,11.654030798070123,219981.90625
903,0.9090909361839294,0.4000000059604645,11.637622391725586,225258.625
904,0.9090909361839294,0.5,11.655727076345393,232371.078125
905,0.9090909361839294,0.6000000238418579,11.718063637968326,217319.296875
906,0.9090909361839294,0.699999988079071,11.807360660234885,221903.28125
907,0.9090909361839294,0.800000011920929,11.959490129074897,234165.671875
908,0.9090909361839294,0.8999999761581421,12.013938698056368,221920.671875
909,0.9090909361839294,1.0,12.168397387545612,235337.859375
910,0.9191918969154358,0.10000000149011612,11.839832682656816,228628.671875
911,0.9191918969154358,0.20000000298023224,11.731044100012472,236151.765625
912,0.9191918969154358,0.30000001192092896,11.715623805075431,226098.375
913,0.9191918969154358,0.4000000059604645,11.706014559351399,264010.1875
914,0.9191918969154358,0.5,11.650857949581486,237023.78125
915,0.9191918969154358,0.6000000238418579,11.72886236060988,233871.34375
916,0.9191918969154358,0.699999988079071,11.852085715108215,242326.546875
917,0.9191918969154358,0.800000011920929,11.889024839697857,230479.8125
918,0.9191918969154358,0.8999999761581421,12.034393228501736,242612.34375
919,0.9191918969154358,1.0,12.173361387329235,230973.9375
920,0.9292929172515869,0.10000000149011612,11.799562929509094,241009.859375
921,0.9292929172515869,0.20000000298023224,11.737149869452146,249337.375
922,0.9292929172515869,0.30000001192092896,11.712051516379205,271124.5
923,0.9292929172515869,0.4000000059604645,11.743250666390734,254967.3125
924,0.9292929172515869,0.5,11.714667950916521,244751.671875
925,0.9292929172515869,0.6000000238418579,11.76056496319592,275218.1875
926,0.9292929172515869,0.699999988079071,11.854040589722013,252673.40625
927,0.9292929172515869,0.800000011920929,11.940968145669684,262727.125
928,0.9292929172515869,0.8999999761581421,12.086886174346823,261004.453125
929,0.9292929172515869,1.0,12.195390007543077,235974.546875
930,0.939393937587738,0.10000000149011612,11.860201959647378,277668.25
931,0.939393937587738,0.20000000298023224,11.802474192574245,286346.625
932,0.939393937587738,0.30000001192092896,11.741620515656766,265387.40625
933,0.939393937587738,0.4000000059604645,11.769527486480683,281132.09375
934,0.939393937587738,0.5,11.783326339586672,284189.9375
935,0.939393937587738,0.6000000238418579,11.813743807270159,295130.34375
936,0.939393937587738,0.699999988079071,11.880781726836059,271075.875
937,0.939393937587738,0.800000011920929,11.98576471846822,274465.96875
938,0.939393937587738,0.8999999761581421,12.092790821625158,276911.59375
939,0.939393937587738,1.0,12.200695558624929,259899.8125
940,0.9494949579238892,0.10000000149011612,11.8769567377759,298988.25
941,0.9494949579238892,0.20000000298023224,11.805035220749161,297454.1875
942,0.9494949579238892,0.30000001192092896,11.734017475813642,287081.25
943,0.9494949579238892,0.4000000059604645,11.758207516245795,298131.875
944,0.9494949579238892,0.5,11.759161874339847,313930.03125
945,0.9494949579238892,0.6000000238418579,11.846006354791582,314647.125
946,0.9494949579238892,0.699999988079071,11.905732040856142,299719.34375
947,0.9494949579238892,0.800000011920929,11.980755150881325,295541.75
948,0.9494949579238892,0.8999999761581421,12.099474906493713,282957.03125
949,0.9494949579238892,1.0,12.206645215955438,313933.15625
950,0.9595959782600403,0.10000000149011612,11.894142918771067,319899.53125
951,0.9595959782600403,0.20000000298023224,11.800473895679849,324427.9375
952,0.9595959782600403,0.30000001192092896,11.770611495855281,346259.5
953,0.9595959782600403,0.4000000059604645,11.764495442192944,310267.84375
954,0.9595959782600403,0.5,11.812221049706501,346356.15625
955,0.9595959782600403,0.6000000238418579,11.858749484361756,334796.65625
956,0.9595959782600403,0.699999988079071,11.889695487309696,323789.4375
957,0.9595959782600403,0.800000011920929,12.029419182201325,339964.75
958,0.9595959782600403,0.8999999761581421,12.095804447151677,337091.28125
959,0.9595959782600403,1.0,12.24105361442542,329336.15625
960,0.9696969985961914,0.10000000149011612,11.904719527902795,371163.4375
961,0.9696969985961914,0.20000000298023224,11.845124073710197,350989.84375
962,0.9696969985961914,0.30000001192092896,11.78732387868349,344143.59375
963,0.9696969985961914,0.4000000059604645,11.805235289403125,378900.6875
964,0.9696969985961914,0.5,11.828371153734967,332993.0
965,0.9696969985961914,0.6000000238418579,11.869588580714009,381955.8125
966,0.9696969985961914,0.699999988079071,11.949539736238934,356982.34375
967,0.9696969985961914,0.800000011920929,12.035673391054178,361632.0625
968,0.9696969985961914,0.8999999761581421,12.120970042263261,336873.4375
969,0.9696969985961914,1.0,12.239029641878892,361971.46875
970,0.9797979593276978,0.10000000149011612,11.945184330375923,408333.84375
971,0.9797979593276978,0.20000000298023224,11.855833642847621,422485.21875
972,0.9797979593276978,0.30000001192092896,11.824328946839904,427185.4375
973,0.9797979593276978,0.4000000059604645,11.827404717392627,442128.875
974,0.9797979593276978,0.5,11.84309787698042,415781.375
975,0.9797979593276978,0.6000000238418579,11.910574691832748,423382.0625
976,0.9797979593276978,0.699999988079071,11.972186540457395,418302.40625
977,0.9797979593276978,0.800000011920929,12.042408575314857,407109.6875
978,0.9797979593276978,0.8999999761581421,12.139194556403135,416057.03125
979,0.9797979593276978,1.0,12.258759226655314,399409.9375
980,0.9898989796638489,0.10000000149011612,11.92810851306951,533797.875
981,0.9898989796638489,0.20000000298023224,11.892436344672863,530349.5625
982,0.9898989796638489,0.30000001192092896,11.839745915455078,517997.71875
983,0.9898989796638489,0.4000000059604645,11.836104378446713,536024.75
984,0.9898989796638489,0.5,11.864079132174115,522097.0
985,0.9898989796638489,0.6000000238418579,11.907844323033983,490578.90625
986,0.9898989796638489,0.699999988079071,11.977882200357671,490331.3125
987,0.9898989796638489,0.800000011920929,12.08138046457282,525733.0
988,0.9898989796638489,0.8999999761581421,12.167141684144795,510224.0625
989,0.9898989796638489,1.0,12.276712534938166,580809.0625
990,1.0,0.10000000149011612,11.977557858986716,
991,1.0,0.20000000298023224,11.89703275585101,
992,1.0,0.30000001192092896,11.872910611637677,
993,1.0,0.4000000059604645,11.86039537540896,
994,1.0,0.5,11.874386872991359,
995,1.0,0.6000000238418579,11.90995456901176,
996,1.0,0.699999988079071,11.984708077293053,
997,1.0,0.800000011920929,12.06384011470064,
998,1.0,0.8999999761581421,12.169655000109257,
999,1.0,1.0,12.29138428451243,
